<?xml version="1.0" encoding="UTF-8"?>
<navigationModel
  ns = "http://schemas.android.com?import=com.android.tools.idea.editors.navigation.model.*">
  <locations  
    class = "java.util.ArrayList">
    <statePointEntry>
      <state      
        class = "com.android.tools.idea.editors.navigation.model.ActivityState"      
        className = "com.hekkelman.keylocker.UnlockActivity"/>
      <point      
        x = "1176"      
        y = "140"/>
    </statePointEntry>
    <statePointEntry>
      <state      
        class = "com.android.tools.idea.editors.navigation.model.ActivityState"      
        className = "com.hekkelman.keylocker.MainActivity"/>
      <point      
        x = "500"      
        y = "100"/>
    </statePointEntry>
  </locations>
</navigationModel>
